ut_ms,sunmars_km,earthmars_km,sunmarsearthangle_deg,solarconstantmars,eclipseduration_min,occultationduration_min
1219363200000,241938908.363002,355756044.048925,19.5650758165222,522.263999026823,4.16666666666667,27.4
1219449600000,241800159.82512,356303701.299971,19.3900749648847,522.863536732556,1.78333333333333,26.9333333333333
1219536000000,241660298.976336,356843151.495015,19.2147343649455,523.468926197049,0,26.5833333333333
1219622400000,241519333.695108,357374355.342686,19.0390523929577,524.080160732136,0,26.1
1219708800000,241377271.952611,357897265.710581,18.8630292247608,524.697233328856,0,25.75
1219795200000,241234121.813101,358411830.797199,18.6866671679489,525.320136649074,0,25.25
1219881600000,241089891.434286,358917997.988541,18.5099708365253,525.948863016975,0,24.8833333333333
1219968000000,240944589.067687,359415718.063857,18.3329471203306,526.583404410461,0,24.4
1220054400000,240798223.059001,359904949.220077,18.1556049255903,527.223752452419,0,24.0333333333333
1220140800000,240650801.84846,360385660.294686,17.9779547096821,527.869898401886,0,23.5166666666667
1220227200000,240502333.971184,360857832.686264,17.8000078858576,528.521833145091,0,23.1333333333333
1220313600000,240352828.057533,361321460.789867,17.6217762057389,529.179547186394,0,22.6333333333333
1220400000000,240202292.833458,361776551.142457,17.4432712218673,529.843030639093,0,22.2166666666667
1220486400000,240050737.120841,362223120.740804,17.2645038943057,530.512273216132,0,21.7
1220572800000,239898169.837843,362661195.062721,17.0854843555731,531.187264220678,0,21.2833333333333
1220659200000,239744599.999235,363090806.221084,16.9062218083242,531.867992536591,0,20.7333333333333
1220745600000,239590036.71674,363511991.500407,16.7267245098316,532.554446618765,0,20.3166666666667
1220832000000,239434489.199359,363924792.350569,16.5469997944732,533.246614483363,0,19.7333333333333
1220918400000,239277966.753699,364329253.781114,16.3670540929443,533.944483697914,0,19.3333333333333
1221004800000,239120478.784301,364725424.014355,16.1868929184884,534.648041371308,0,18.7166666666667
1221091200000,238962034.793957,365113354.201828,16.0065208031335,535.35727414366,0,18.2833333333333
1221177600000,238802644.384026,365493097.974881,15.8259411807764,536.072168176053,0,17.65
1221264000000,238642317.254751,365864710.58857,15.6451562304519,536.79270914016,0,17.1833333333333
1221350400000,238481063.205565,366228247.447838,15.4641667128236,537.518882207749,0,16.5166666666667
1221436800000,238318892.135399,366583761.905635,15.2829718530326,538.250672040062,0,16.0333333333333
1221523200000,238155814.042978,366931302.411465,15.1015693357679,538.988062777068,0,15.3333333333333
1221609600000,237991839.027123,367270909.339951,14.9199554727911,539.731038026611,0,14.7833333333333
1221696000000,237826977.28704,367602612.053425,14.7381255718024,540.479580853417,0,14.0666666666667
1221782400000,237661239.122609,367926426.828079,14.5560744837489,541.233673767997,0,13.4666666666667
1221868800000,237494634.934662,368242356.125645,14.3737972537609,541.993298715425,0,12.6666666666667
1221955200000,237327175.225266,368550389.369493,14.1912897734784,542.758437063998,0,12
1222041600000,237158870.597989,368850505.0385,14.0085493410158,543.529069593784,0,11.1
1222128000000,236989731.758168,369142673.675801,13.8255750694027,544.305176485047,0,10.3666666666667
1222214400000,236819769.513166,369426861.371609,13.6423681232099,545.086737306574,0,9.3
1222300800000,236648994.772622,369703033.358904,13.4589317890915,545.873731003875,0,8.43333333333333
1222387200000,236477418.548699,369971157.457756,13.2752713959306,546.666135887293,0,7.08333333333333
1222473600000,236305051.956314,370231207.155872,13.0913941021075,547.463929619996,0,5.91666666666667
1222560000000,236131906.213368,370483164.122284,12.907308571166,548.267089205881,0,3.85
1222646400000,235957992.640962,370727019.965505,12.7230245672197,549.075590977379,0,0
1222732800000,235783322.663597,370962777.113678,12.5385525141307,549.889410583179,0,0
1222819200000,235607907.809372,371190448.819776,12.3539030695352,550.708522975864,0,0
1222905600000,235431759.710155,371410058.441525,12.1690867598275,551.532902399487,0,0
1222992000000,235254890.101746,371621638.256268,11.9841137053715,552.362522377083,0,0
1223078400000,235077310.824017,371825228.107074,11.7989934426591,553.197355698134,0,0
1223164800000,234899033.821032,372020874.137215,11.6137348296283,554.037374406006,0,0
1223251200000,234720071.141144,372208627.783324,11.4283460069303,554.882549785361,0,0
1223337600000,234540434.937061,372388545.09614,11.242834382445,555.732852349571,0,0
1223424000000,234360137.465886,372560686.362924,11.0572066069953,556.588251828139,0,0
1223510400000,234179191.08913,372725115.922524,10.871468513817,557.448717154142,0,0
1223596800000,233997608.272687,372881901.987969,10.6856250021982,558.314216451693,0,0
1223683200000,233815401.58679,373031116.220254,10.499679858176,559.184717023428,0,0
1223769600000,233632583.705929,373172832.743889,10.3136355250302,560.060185337999,0,0
1223856000000,233449167.408761,373307126.30002,10.1274928651995,560.940587017541,0,0
1223942400000,233265165.578004,373434069.359957,9.94125098916998,561.825886825095,0,0
1224028800000,233080591.200334,373553728.321894,9.75490725142954,562.716048651908,0,0
1224115200000,232895457.366284,373666159.350277,9.56845750535629,563.611035504604,0,0
1224201600000,232709777.270176,373771404.806832,9.38189665015878,564.510809492117,0,0
1224288000000,232523564.210069,373869491.290605,9.19521940509621,565.415331812417,0,0
1224374400000,232336831.587751,373960429.90139,9.00842115702524,566.324562738957,0,0
1224460800000,232149592.908745,374044218.631113,8.82149870124017,567.238461606887,0,0
1224547200000,231961861.782356,374120846.167453,8.63445074707338,568.156986799048,0,0
1224633600000,231773651.921711,374190296.172231,8.44727815120419,569.080095731801,0,0
1224720000000,231584977.143808,374252551.277092,8.25998391892538,570.007744840792,0,0
1224806400000,231395851.369544,374307596.398497,8.07257304745923,570.939889566686,0,0
1224892800000,231206288.62371,374355421.286015,7.88505228051799,571.87648434097,0,0
1224979200000,231016303.034951,374396022.381797,7.69742982083661,572.817482571852,0,0
1225065600000,230825908.83567,374429404.101519,7.50971502602098,573.762836630334,0,0
1225152000000,230635120.361892,374455579.614456,7.32191810132815,574.712497836442,0,0
1225238400000,230443952.053067,374474571.164839,7.13404980068242,575.666416445653,0,0
1225324800000,230252418.451833,374486409.971621,6.9461211495088,576.624541635489,0,0
1225411200000,230060534.203727,374491135.771393,6.75814320442812,577.586821492297,0,0
1225497600000,229868314.056858,374488796.110824,6.57012686216747,578.553202998182,0,0
1225584000000,229675772.861546,374479445.526285,6.38208272291954,579.523632018081,0,0
1225670400000,229482925.569919,374463144.752774,6.19402100385323,580.498053286986,0,0
1225756800000,229289787.235487,374439960.078484,6.00595148923217,581.476410397291,0,0
1225843200000,229096373.012684,374409962.911114,5.81788349660592,582.458645786261,0,0
1225929600000,228902698.156382,374373229.555074,5.62982583465698,583.444700723631,0,0
1226016000000,228708778.021383,374329841.118465,5.44178672792345,584.434515299327,0,0
1226102400000,228514628.061884,374279883.374634,5.25377368787016,585.428028411324,0,0
1226188800000,228320263.830914,374223446.298261,5.06579332157668,586.425177753633,0,0
1226275200000,228125700.97975,374160622.903211,4.87785109310957,587.425899804443,0,0
1226361600000,227930955.257306,374091506.9905,4.68995109177894,588.430129814422,0,0
1226448000000,227736042.509496,374016189.572837,4.50209591083302,589.43780179517,0,0
1226534400000,227540978.678567,373934754.168168,4.31428677745623,590.448848507872,0,0
1226620800000,227345779.802412,373847271.795605,4.12652406150634,591.46320145213,0,0
1226707200000,227150462.013844,373753797.048311,3.9388081976286,592.480790855001,0,0
1226793600000,226955041.539855,373654366.59729,3.75114090846287,593.501545660256,0,0
1226880000000,226759534.700833,373549000.706137,3.56352650442435,594.525393517869,0,0
1226966400000,226563957.909752,373437707.208346,3.37597304447493,595.552260773747,0,0
1227052800000,226368327.671338,373320486.628723,3.18849327271044,596.582072459727,0,0
1227139200000,226172660.581192,373197337.104496,3.00110541396373,597.614752283836,0,0
1227225600000,225976973.324891,373068258.282616,2.81383403683318,598.650222620845,0,0
1227312000000,225781282.677048,372933253.983287,2.62671126029269,599.688404503125,0,0
1227398400000,225585605.500339,372792333.820279,2.43977863504372,600.729217611811,0,0
1227484800000,225389958.744503,372645514.105547,2.25309014077738,601.77258026831,0,0
1227571200000,225194359.445298,372492818.329269,2.06671698566305,602.818409426139,0,0
1227657600000,224998824.723426,372334277.402903,1.88075539895584,603.866620663144,0,0
1227744000000,224803371.783419,372169929.752361,1.69533962445585,604.917128174078,0,0
1227830400000,224608017.912492,371999821.282763,1.51066443082022,605.969844763579,0,0
1227916800000,224412780.479352,371824005.212341,1.32702607494527,607.024681839554,0,0
1228003200000,224217676.932977,371642541.782526,1.14490153019426,608.081549406993,0,0
1228089600000,224022724.80135,371455497.878061,0.965113657828018,609.140356062205,0,0
1228176000000,223827941.690159,371262946.616861,0.7892087133951379,610.201008987528,0,0
1228262400000,223633345.281452,371064966.97941,0.620419194172889,611.263413946495,0,0
1228348800000,223438953.332257,370861643.532772,0.46641305579781606,612.327475279492,0,0
1228435200000,223244783.673162,370653066.26092,0.347258638471075,613.393095899917,0,0
1228521600000,223050854.206849,370439330.440033,0.30647170266885,614.460177290857,0,0
1228608000000,222857182.906594,370220536.394998,0.370678401736758,615.528619502296,0,0
1228694400000,222663787.814723,369996788.849931,0.50086470764327,616.598321148875,0,0
1228780800000,222470687.041024,369768195.473843,0.658902711439399,617.669179408214,0,0
1228867200000,222277898.761121,369534864.202069,0.828916057755899,618.741090019818,0,0
1228953600000,222085441.214804,369296899.113457,1.00476492381205,619.81394728458,0,0
1229040000000,221893332.704321,369054395.16803,1.18378691642637,620.887644064894,0,0
1229126400000,221701591.592621,368807432.869458,1.36468104834421,621.962071785397,0,0
1229212800000,221510236.301558,368556074.485257,1.54674714154062,623.037120434361,0,0
1229299200000,221319285.310055,368300363.268553,1.72957835132178,624.112678565738,0,0
1229385600000,221128757.15222,368040326.045663,1.91292274500657,625.188633301883,0,0
1229472000000,220938670.415421,367775978.195472,2.09661530497951,626.264870336977,0,0
1229558400000,220749043.738322,367507329.336123,2.28054222271161,627.341273941143,0,0
1229644800000,220559895.808868,367234388.261274,2.46462118317297,628.417726965294,0,0
1229731200000,220371245.362236,366957166.422911,2.64879002658334,629.494110846722,0,0
1229817600000,220183111.178734,366675679.963606,2.83299997701883,630.570305615424,0,0
1229904000000,219995512.081666,366389950.675881,3.01721144097103,631.646189901217,0,0
1229990400000,219808466.935143,366100006.336724,3.20139130002281,632.721640941619,0,0
1230076800000,219621994.641863,365805880.773104,3.38551110694047,633.796534590535,0,0
1230163200000,219436114.140836,365507613.876986,3.56954585457712,634.870745327757,0,0
1230249600000,219250844.405078,365205251.666169,3.75347312742724,635.944146269287,0,0
1230336000000,219066204.439247,364898846.400482,3.93727252142621,637.016609178511,0,0
1230422400000,218882213.277246,364588456.714127,4.1209252581745,638.08800447823,0,0
1230508800000,218698889.979779,364274147.710467,4.30441394152349,639.158201263574,0,0
1230595200000,218516253.631856,363955990.978072,4.48772241719335,640.227067315819,0,0
1230681600000,218334323.340255,363634064.514632,4.6708357056125,641.29446911712,0,0
1230768000000,218153118.230932,363308452.573179,4.85373998772765,642.360271866207,0,0
1230854400000,217972657.446384,362979245.456466,5.03642263401612,643.424339495042,0,0
1230940800000,217792960.142945,362646539.266747,5.21887227734929,644.486534686505,0,0
1231027200000,217614045.488042,362310435.561572,5.40107893828733,645.546718893105,0,0
1231113600000,217435932.657369,361971040.772187,5.58303421296619,646.604752356787,0,0
1231200000000,217258640.832011,361628465.125497,5.76473152400362,647.660494129846,0,0
1231286400000,217082189.195489,361282820.717146,5.94616640844607,648.713802096988,0,0
1231372800000,216906596.930744,360934218.400038,6.12733677236831,649.764532998552,0,0
1231459200000,216731883.217044,360582763.398539,6.30824299065276,650.812542454915,0,0
1231545600000,216558067.226835,360228550.100271,6.4888877053792,651.857684992059,0,0
1231632000000,216385168.122524,359871657.168342,6.66927522295463,652.899814068263,0,0
1231718400000,216213205.053226,359512144.518116,6.84941054717767,653.93878210189,0,0
1231804800000,216042197.151466,359150053.33838,7.02929825626909,654.974440500176,0,0
1231891200000,215872163.52987,358785409.219308,7.20894152078597,656.006639688973,0,0
1231977600000,215703123.277835,358418227.255366,7.38834149364473,657.035229143343,0,0
1232064000000,215535095.458215,358048517.487778,7.56749713219508,658.060057418968,0,0
1232150400000,215368099.104006,357676289.397663,7.7464053555361,659.080972184337,0,0
1232236800000,215202153.21504,357301554.910528,7.92506137567169,660.097820253701,0,0
1232323200000,215037276.754689,356924330.010809,8.10345906180279,661.110447620831,0,0
1232409600000,214873488.646556,356544635.3773,8.28159125417985,662.118699493626,0,0
1232496000000,214710807.771158,356162496.490407,8.45944999754642,663.122420329637,0,0
1232582400000,214549252.962583,355777943.566327,8.63702669899596,664.121453872571,0,0
1232668800000,214388843.00511,355391011.543773,8.81431223213947,665.115643189842,0,0
1232755200000,214229596.629789,355001740.232685,8.99129701487317,666.104830711218,0,0
1232841600000,214071532.51097,354610174.643288,9.16797108678802,667.088858268584,0,0
1232928000000,213914669.262787,354216365.447353,9.34432420716918,668.067567136854,0,0
1233014400000,213759025.435591,353820369.481028,9.52034598701673,669.04079807602,0,3.46666666666667
1233100800000,213604619.512331,353422250.181917,9.69602605987929,670.00839137434,0,20.5666666666667
1233187200000,213451469.904894,353022077.862648,9.87135428836228,670.970186892634,0,26.5833333333333
1233273600000,213299594.950403,352619929.752714,10.0463209981226,671.926024109675,0,32.75
1233360000000,213149012.907473,352215889.774362,10.2209172305085,672.875742168646,0,36.3166666666667
1233446400000,212999741.952437,351810048.035914,10.3951350083384,673.819179924622,0,40.45
1233532800000,212851800.175536,351402500.009205,10.5689676137779,674.756175993083,0,43
1233619200000,212705205.577085,350993345.303285,10.7424098778093,675.686568799386,0,46.05
1233705600000,212559976.063615,350582685.873904,10.9154584716436,676.610196629198,0,48
1233792000000,212416129.443986,350170623.467644,11.088112167689,677.526897679861,0,50.3166666666667
1233878400000,212273683.425493,349757256.168162,11.2603720037698,678.436510112653,11.2166666666667,51.8166666666667
1233964800000,212132655.609939,349342674.163681,11.4322412535087,679.338872105923,19.3666666666667,53.6
1234051200000,211993063.489705,348926955.285713,11.6037251055969,680.233821909078,23.5833333333333,54.75
1234137600000,211854924.443803,348510161.308292,11.7748300126283,681.121197897393,27.9333333333333,56.1333333333333
1234224000000,211718255.733916,348092336.122825,11.9455627839154,682.000838627612,30.6833333333333,57
1234310400000,211583074.500427,347673506.469234,12.1159296127171,682.872582894322,33.8,58.05
1234396800000,211449397.758445,347253685.036472,12.2859352687744,683.736269787067,35.85,58.6666666666667
1234483200000,211317242.393825,346832874.944004,12.4555826179715,684.591738748161,38.25,59.4166666666667
1234569600000,211186625.159173,346411074.344157,12.6248724981777,685.438829631206,39.8666666666667,59.8666666666667
1234656000000,211057562.669862,345988280.188316,12.7938038663848,686.277382760232,41.7833333333333,60.3666666666667
1234742400000,210930071.400041,345564490.760782,12.9623740863227,687.107238989473,43.0666666666667,60.6333333333333
1234828800000,210804167.67864,345139707.061251,13.1305792414556,687.928239763716,44.6,60.9166666666667
1234915200000,210679867.685385,344713933.364437,13.2984144018177,688.740227179202,45.6666666666667,61.0666666666667
1235001600000,210557187.446817,344287177.334198,13.4658738159434,689.543044045034,46.9166666666667,61.1333333333333
1235088000000,210436142.832308,343859450.011073,13.6329510292367,690.336533945066,47.7666666666667,61.1666666666667
1235174400000,210316749.550097,343430765.899613,13.7996389474518,691.120541300225,48.55,61.1333333333333
1235260800000,210199023.143329,343001143.28941,13.9659298727138,691.894911431227,49.4833333333333,61.05
1235347200000,210082978.986104,342570604.858316,14.1318155431358,692.659490621652,50.1,60.8833333333333
1235433600000,209968632.279547,342139178.524599,14.2972872069202,693.414126181337,50.85,60.7
1235520000000,209855998.047886,341706898.436241,14.4623357572744,694.158666510028,51.3166666666667,60.3833333333333
1235606400000,209745091.134555,341273805.91974,14.626951944601,694.892961161267,51.9333333333333,60.1
1235692800000,209635926.198306,340839950.175464,14.7911266676339,695.616860906467,52.2833333333333,59.65
1235779200000,209528517.709356,340405388.518342,14.9548513284991,696.330217799105,52.7333333333333,59.2833333333333
1235865600000,209422879.945547,339970186.022786,15.1181182230768,697.032885239025,53,58.7166666666667
1235952000000,209319026.988537,339534414.517199,15.2809209319947,697.724718036766,53.3333333333333,58.2666666666667
1236038400000,209216972.720017,339098150.949652,15.4432546797532,698.40557247789,53.5166666666667,57.5833333333333
1236124800000,209116730.817958,338661475.183498,15.6051166355409,699.075306387255,53.7166666666667,57.0666666666667
1236211200000,209018314.752892,338224467.281619,15.7665061322592,699.733779193173,53.8333333333333,56.2833333333333
1236297600000,208921737.784224,337787204.338826,15.9274247753121,700.380851991423,53.9333333333333,55.6833333333333
1236384000000,208827012.95658,337349756.979319,16.0878764021002,701.016387609043,53.9833333333333,54.8166666666667
1236470400000,208734153.096199,336912185.784319,16.2478668479386,701.640250667875,54.0166666666667,54.15
1236556800000,208643170.807356,336474538.121204,16.4074034900529,702.252307647783,54.0166666666667,53.1833333333333
1236643200000,208554078.468838,336036845.991842,16.5664945875518,702.85242694951,53.9833333333333,52.45
1236729600000,208466888.230455,335599125.452449,16.7251485010684,703.440478957128,53.9333333333333,51.4333333333333
1236816000000,208381612.009601,335161377.816072,16.8833729284405,704.016336100004,53.8333333333333,50.6333333333333
1236902400000,208298261.487868,334723592.351464,17.0411742974618,704.579872914245,53.7166666666667,49.5333333333333
1236988800000,208216848.107703,334285749.790646,17.1985574051798,705.130966103573,53.5666666666667,48.6666666666667
1237075200000,208137383.069122,333847825.849742,17.3555253130039,705.669494599553,53.3666666666667,47.5
1237161600000,208059877.326481,333409794.157375,17.5120794392373,706.195339621147,53.1833333333333,46.5833333333333
1237248000000,207984341.585297,332971628.316168,17.6682197604588,706.708384733523,52.9333333333333,45.6333333333333
1237334400000,207910786.299135,332533303.123513,17.8239450390162,707.208515906075,52.7166666666667,44.3666666666667
1237420800000,207839221.666549,332094795.159902,17.9792530192162,707.695621569586,52.4166666666667,43.3666666666667
1237507200000,207769657.628095,331656083.018384,18.1341405634508,708.169592672494,52.1666666666667,42.0166666666667
1237593600000,207702103.863405,331217147.439317,18.2886037230867,708.630322736195,51.9,40.9666666666667
1237680000000,207636569.788322,330777971.571266,18.4426377561257,709.077707909338,51.5333333333333,39.5333333333333
1237766400000,207573064.552122,330338541.521858,18.596237116434,709.51164702104,51.25,38.4166666666667
1237852800000,207511597.034794,329898847.292389,18.7493954496912,709.932041632986,50.8166666666667,36.9
1237939200000,207452175.844399,329458884.096987,18.9021056389189,710.33879609034,50.5,35.7333333333333
1238025600000,207394809.314516,329018653.944696,19.0543599443563,710.731817571428,50.05,34.1
1238112000000,207339505.501752,328578167.223071,19.2061502733444,711.111016136137,49.7,32.85
1238198400000,207286272.183348,328137443.906194,19.3574685918054,711.476304772973,49.2333333333333,31.1333333333333
1238284800000,207235116.854859,327696513.980278,19.5083074520052,711.827599444738,48.85,29.7833333333333
1238371200000,207186046.727926,327255416.783308,19.6586605728186,712.164819132783,48.35,27.9166666666667
1238457600000,207139068.728128,326814199.179196,19.8085233853439,712.487885879796,47.95,26.4333333333333
1238544000000,207094189.49292,326372912.746848,19.9578934601765,712.796724831097,47.4,24.35
1238630400000,207051415.369656,325931610.35008,20.1067707604984,713.091264274418,46.8666666666667,22.7333333333333
1238716800000,207010752.413693,325490342.50355,20.2551577017937,713.371435678157,46.45,20.35
1238803200000,206972206.386567,325049153.887345,20.4030590272647,713.6371737281,46.0166666666667,18.4833333333333
1238889600000,206935782.754247,324608080.267769,20.5504815207869,713.888416362613,45.4333333333333,15.55
1238976000000,206901486.685452,324167146.022674,20.6974335819827,714.125104806317,44.9833333333333,13.1166666666667
1239062400000,206869323.050034,323726362.456981,20.8439246920234,714.347183602263,44.3833333333333,8.71666666666667
1239148800000,206839296.417412,323285727.082447,20.9899648112576,714.554600642582,43.9166666666667,2.95
1239235200000,206811411.055072,322845223.964927,21.1355637677031,714.747307197615,43.3166666666667,0
1239321600000,206785670.927119,322404825.090102,21.2807307071473,714.925257943495,42.8166666666667,0
1239408000000,206762079.692892,321964492.507339,21.4254736692585,715.088410988101,42.2,0
1239494400000,206740640.705662,321524180.865026,21.569799327292,715.236727895302,41.7166666666667,0
1239580800000,206721357.011408,321083839.917371,21.7137128912886,715.370173707396,41.0666666666667,0
1239667200000,206704231.347701,320643416.669487,21.8572181411734,715.488716965587,40.5666666666667,0
1239753600000,206689266.1427,320202856.985343,22.0003175377685,715.592329728433,40.0666666666667,0
1239840000000,206676463.514281,319762106.645492,22.1430123583336,715.680987588123,39.4,0
1239926400000,206665825.269298,319321111.963718,22.2853028138023,715.754669684547,38.9,0
1240012800000,206657352.902987,318879820.142117,22.4271881206555,715.813358717106,38.2,0
1240099200000,206651047.598505,318438179.573062,22.568666516832,715.85704095427,37.7,0
1240185600000,206646910.226603,317996140.299055,22.7097352269646,715.8857062409,37,0
1240272000000,206644941.34543,317553654.823433,22.8503903985599,715.899348003378,36.4666666666667,0
1240358400000,206645141.200449,317110679.417087,22.9906270486197,715.897963252617,35.7666666666667,0
1240444800000,206647509.724462,316667175.966207,23.1304390782358,715.881552584984,35.2333333333333,0
1240531200000,206652046.537749,316223114.23217,23.2698194243641,715.850120181167,34.5166666666667,0
1240617600000,206658750.948287,315778474.155335,23.4087604111974,715.803673803092,33.9666666666667,0
1240704000000,206667621.952081,315333247.60234,23.5472543257718,715.742224788827,33.2333333333333,0
1240790400000,206678658.233573,314887438.870537,23.685294172954,715.665788045567,32.6666666666667,0
1240876800000,206691858.166143,314441063.455895,23.8228744868123,715.574382040697,31.95,0
1240963200000,206707219.812701,313994145.058591,23.9599920305688,715.468028790942,31.3666666666667,0
1241049600000,206724740.926365,313546711.341381,24.0966462383169,715.346753849603,30.6166666666667,0
1241136000000,206744418.951228,313098789.285473,24.2328393312713,715.210586291895,30.0333333333333,0
1241222400000,206766251.023219,312650400.958935,24.3685761348221,715.059558698402,29.25,0
1241308800000,206790233.971047,312201560.211565,24.5038636835134,714.893707136646,28.6833333333333,0
1241395200000,206816364.31724,311752270.454075,24.6387107129812,714.713071140793,27.8833333333333,0
1241481600000,206844638.27927,311302523.437567,24.7731271159107,714.517693689522,27.2833333333333,0
1241568000000,206875051.770776,310852298.862225,24.9071234087636,714.307621182038,26.6833333333333,0
1241654400000,206907600.402867,310401564.657884,25.0407102348116,714.082903412281,25.8666666666667,0
1241740800000,206942279.485527,309950277.816847,25.1738979208261,713.843593541343,25.25,0
1241827200000,206979084.029098,309498385.671168,25.3066961042219,713.589748068113,24.3833333333333,0
1241913600000,207018008.745861,309045827.484177,25.4391134465796,713.321426798197,23.7833333333333,0
1242000000000,207059048.051704,308592536.191581,25.571157443172,713.038692811104,22.8833333333333,0
1242086400000,207102196.067873,308138440.11129,25.7028343262133,712.741612425778,22.25,0
1242172800000,207147446.622812,307683464.461988,25.8341490458327,712.430255164472,21.3333333333333,0
1242259200000,207194793.254093,307227532.586681,25.9651053019555,712.104693715022,20.65,0
1242345600000,207244229.210424,306770566.853103,26.0957055953703,711.765003891551,19.6833333333333,0
1242432000000,207295747.453742,306312489.279288,26.2259512676828,711.411264593637,18.9666666666667,0
1242518400000,207349340.661388,305853221.99826,26.3558425063742,711.043557763994,17.9666666666667,0
1242604800000,207405001.228366,305392687.727031,26.48537830157,710.66196834471,17.1666666666667,0
1242691200000,207462721.269673,304930810.441903,26.6145563553457,710.266584232074,16.1166666666667,0
1242777600000,207522492.622711,304467516.477582,26.7433729637519,709.857496230046,15.2166666666667,0
1242864000000,207584306.849779,304002736.240405,26.8718229173472,709.434798002421,14.0833333333333,0
1242950400000,207648155.240629,303536406.615938,26.9998994954526,708.998586023716,13.0666666666667,0
1243036800000,207714028.8151,303068473.916384,27.1275946517385,708.548959528845,11.7666666666667,0
1243123200000,207781918.325826,302598896.857098,27.2548994823984,708.086020461624,10.5833333333333,0
1243209600000,207851814.261006,302127648.692313,27.3818050087033,707.609873422163,8.98333333333333,0
1243296000000,207923706.847246,301654717.526193,27.5083031907107,707.120625613173,7.46666666666667,0
1243382400000,207997586.052462,301180104.183075,27.6343879635934,706.61838678527,4.96666666666667,0
1243468800000,208073441.58885,300703817.829526,27.7600560338212,706.103269181307,1.1,0
1243555200000,208151262.915917,300225870.368507,27.8853072420793,705.575387479791,0,0
1243641600000,208231039.24357,299746270.964996,28.0101444586255,705.034858737441,0,0
1243728000000,208312759.535261,299265021.763727,28.1345731263223,704.481802330933,0,0
1243814400000,208396412.511194,298782115.219822,28.2586006307956,703.916339897894,0,0
1243900800000,208481986.651576,298297532.898636,28.3822356532455,703.33859527719,0,0
1243987200000,208569470.19993,297811245.327749,28.5054875957909,702.748694448565,0,0
1244073600000,208658851.166448,297323212.475104,28.6283661078648,702.146765471687,0,0
1244160000000,208750117.3314,296833384.55032,28.7508807059331,701.532938424647,0,0
1244246400000,208843256.24858,296341702.965117,28.8730404670645,700.907345341971,0,0
1244332800000,208938255.248802,295848101.384406,28.99485377995,700.270120152201,0,0
1244419200000,209035101.443437,295352506.840141,29.1163281449108,699.621398615075,0,0
1244505600000,209133781.727983,294854840.879644,29.2374700204762,698.9613182584,0,0
1244592000000,209234282.785682,294355020.70242,29.358284715265,698.290018314621,0,0
1244678400000,209336591.091161,293852960.226186,29.4787763203115,697.607639657195,0,0
1244764800000,209440692.914121,293348571.027907,29.5989476708129,696.91432473671,0,0
1244851200000,209546574.323045,292841763.132606,29.7188003203355,696.210217516972,0,0
1244937600000,209654221.188935,292332445.668243,29.8383345071818,695.495463410975,0,0
1245024000000,209763619.189087,291820527.461924,29.9575490934699,694.770209216819,0,0
1245110400000,209874753.810889,291305917.714131,30.0764414637648,694.034603053641,0,0
1245196800000,209987610.355636,290788526.944902,30.1950073834217,693.288794297622,0,0
1245283200000,210102173.942378,290268268.441738,30.3132408393548,692.532933518093,0,0
1245369600000,210218429.511784,289745060.418323,30.4311339189384,691.767172413782,0,0
1245456000000,210336361.830028,289218828.958508,30.5486768218633,690.991663749253,0,0
1245542400000,210455955.492692,288689511.514841,30.6658581281636,690.206561291557,0,0
1245628800000,210577194.928693,288157060.270311,30.7826654307655,689.412019747139,0,0
1245715200000,210700064.404227,287621444.241594,30.8990863491464,688.608194699051,0,0
1245801600000,210824548.026725,287082648.960776,31.0151097772388,687.795242544466,0,0
1245888000000,210950629.748831,286540673.203403,31.1307270627657,686.97332043258,0,0
1245974400000,211078293.3724,285995523.354088,31.2459327856487,686.14258620288,0,0
1246060800000,211207522.552499,285447206.937191,31.360724948509,685.303198323852,0,0
1246147200000,211338300.801434,284895726.972588,31.4751046235875,684.455315832128,0,0
1246233600000,211470611.492785,284341078.167543,31.5890752685451,683.599098272152,0,0
1246320000000,211604437.865448,283783245.07827,31.7026419535265,682.73470563635,0,0
1246406400000,211739763.027687,283222201.781496,31.815810668669,681.862298305905,0,0
1246492800000,211876569.961182,282657912.425307,31.9285877823238,680.982036992176,0,0
1246579200000,212014841.525069,282090332.140339,32.0409796476373,680.094082678825,0,0
1246665600000,212154560.459964,281519407.998011,32.1529923209789,679.198596564737,0,0
1246752000000,212295709.391963,280945079.884494,32.2646313501524,678.29574000781,0,0
1246838400000,212438270.836592,280367281.276597,32.3759015994686,677.385674469724,0,0
1246924800000,212582227.202716,279785939.96047,32.4868070922867,676.468561461731,0,0
1247011200000,212727560.796393,279200978.742605,32.5973508636016,675.544562491554,0,0
1247097600000,212874253.824665,278612316.184333,32.7075348227584,674.613839011391,0,0
1247184000000,213022288.399291,278019867.36435,32.8173596285305,673.676552367057,0,0
1247270400000,213171646.540434,277423544.654216,32.926824576295,672.732863748218,0,0
1247356800000,213322310.180295,276823258.49078,33.0359274918084,671.782934139653,0,0
1247443200000,213474261.16673,276218918.152131,33.1446646208752,670.826924273505,0,0
1247529600000,213627481.266829,275610432.589133,33.2530305020778,669.864994582458,0,0
1247616000000,213781952.170514,274997711.425583,33.3610178138602,668.897305153684,0,0
1247702400000,213937655.494121,274380666.301874,33.4686172008165,667.924015683623,0,0
1247788800000,214094572.783994,273759212.772339,33.5758171098593,666.945285433532,0,0
1247875200000,214252685.520085,273133272.927347,33.6826037049821,665.961273185821,0,0
1247961600000,214411975.119557,272502778.732757,33.7889609712059,664.972137201181,0,0
1248048000000,214572422.940387,271867675.714641,33.8948711398444,663.978035176562,0,0
1248134400000,214734010.284957,271227926.125876,34.0003155290347,662.979124204019,0,0
1248220800000,214896718.403641,270583510.371113,34.1052757654933,661.9755607305,0,0
1248307200000,215060528.498359,269934425.630169,34.2097351638655,660.967500518582,0,0
1248393600000,215225421.72612,269280681.494644,34.313679899381,659.955098608215,0,0
1248480000000,215391379.202521,268622293.637352,34.4170996411911,658.938509279492,0,0
1248566400000,215558382.005222,267959277.283337,34.5199875254416,657.917886016465,0,0
1248652800000,215726411.177378,267291642.064662,34.6223396002506,656.893381472019,0,0
1248739200000,215895447.731037,266619388.981264,34.7241540132673,655.86514743383,0,0
1248825600000,216065472.650492,265942509.309358,34.8254301955057,654.833334791392,0,0
1248912000000,216236466.895597,265260984.82746,34.9261681906349,653.798093504124,0,0
1248998400000,216408411.405031,264574788.683686,35.0263681715984,652.759572570561,0,0
1249084800000,216581287.099528,263883886.409389,35.1260301187293,651.717919998625,0,0
1249171200000,216755074.885055,263188236.809721,35.2251536069324,650.673282776956,0,0
1249257600000,216929755.655948,262487792.641044,35.3237376491729,649.62580684733,0,0
1249344000000,217105310.298003,261782501.098359,35.4217805552553,648.575637078127,0,0
1249430400000,217281719.691519,261072304.193601,35.519279780081,647.52291723886,0,0
1249516800000,217458964.714296,260357139.122766,35.6162317500344,646.467789975751,0,0
1249603200000,217637026.244584,259636938.709261,35.7126316677442,645.410396788346,0,0
1249689600000,217815885.163985,258911631.983462,35.8084733028518,644.350878007173,0,0
1249776000000,217995522.360312,258181144.926378,35.903748778855,643.289372772407,0,0
1249862400000,218175918.730393,257445401.381894,35.9984483639786,642.226019013562,0,0
1249948800000,218357055.182828,256704324.139074,36.0925602694427,641.160953430174,0,0
1250035200000,218538912.640705,255957836.20916,36.1860704551292,640.094311473481,0,0
1250121600000,218721472.044256,255205862.365938,36.278962445218,639.02622732908,0,0
1250208000000,218904714.353472,254448331.063802,36.3712171693666,637.956833900546,0,0
1250294400000,219088620.550671,253685176.858712,36.4628128708202,636.886262794001,0,0
1250380800000,219273171.64301,252916343.381632,36.5537251582029,635.814644303622,0,0
1250467200000,219458348.664955,252141786.700154,36.6439273085136,634.74210739807,0,0
1250553600000,219644132.680706,251361478.548289,36.7333909265709,633.668779707818,0,0
1250640000000,219830504.786561,250575408.524626,36.8220869968829,632.594787513374,0,0
1250726400000,220017446.113251,249783584.225583,36.9099872188616,631.520255734365,0,0
1250812800000,220204937.828217,248986028.675968,36.9970653501282,630.445307919492,0,0
1250899200000,220392961.137841,248182775.330432,37.0832982066939,629.370066237299,0,0
1250985600000,220581497.289639,247373861.872035,37.168666064762,628.294651467789,0,0
1251072000000,220770527.574399,246559324.408656,37.2531524351679,627.219182994816,0,0
1251158400000,220960033.328279,245739193.263465,37.3367433953196,626.143778799277,0,0
1251244800000,221149995.934867,244913490.740355,37.4194267492376,625.068555453069,0,0
1251331200000,221340396.827182,244082230.549637,37.5011912397277,623.99362811379,0,0
1251417600000,221531217.489644,243245418.268889,37.5820259303504,622.919110520183,0,0
1251504000000,221722439.46,242403052.23723,37.6619197785412,621.845114988283,0,0
1251590400000,221914044.331198,241555124.462322,37.7408613639218,620.771752408278,0,0
1251676800000,222106013.753227,240701621.318444,37.8188387142105,619.69913224204,0,0
1251763200000,222298329.434911,239842523.970062,37.8958391711879,618.627362521332,0,0
1251849600000,222490973.145666,238977808.560323,37.9718492491722,617.556549846658,0,0
1251936000000,222683926.717203,238107446.268883,38.0468544523355,616.486799386755,0,0
1252022400000,222877172.045203,237231403.378652,38.1208390327192,615.418214878694,0,0
1252108800000,223070691.090943,236349641.499963,38.1937856871185,614.350898628594,0,0
1252195200000,223264465.882882,235462118.083216,38.2656752065951,613.284951512915,0,0
1252281600000,223458478.518207,234568787.309514,38.336486104678,612.22047298033,0,0
1252368000000,223652711.164334,233669601.393586,38.4061942565699,611.157561054149,0,0
1252454400000,223847146.060376,232764512.282072,38.4747725810057,610.096312335285,0,0
1252540800000,224041765.518562,231853473.701068,38.5421907912833,609.036822005746,0,0
1252627200000,224236551.92562,230936443.505287,38.6084152380732,607.979183832645,0,0
1252713600000,224431487.744122,230013386.292245,38.6734088701434,606.923490172695,0,0
1252800000000,224626555.513782,229084276.23239,38.7371313525999,605.869831977185,0,0
1252886400000,224821737.852725,228149099.986442,38.7995393999773,604.818298797428,0,0
1252972800000,225017017.458706,227207859.411981,38.8605873872244,603.768978790658,0,0
1253059200000,225212377.110305,226260573.540219,38.920228272048,602.721958726322,0,0
1253145600000,225407799.668075,225307279.157282,38.978414781338,601.677323992828,0,0
1253232000000,225603268.075648,224348029.431056,39.0351006973666,600.635158604688,0,0
1253318400000,225798765.360828,223382890.481508,39.0902419840678,599.595545210003,0,0
1253404800000,225994274.636632,222411936.459967,39.1437974932733,598.5585650983,0,19.9666666666667
1253491200000,226189779.102317,221435244.221914,39.195729111244,597.524298208699,0,36.05
1253577600000,226385262.044369,220452888.732086,39.2460013886709,596.492823138387,0,43.9666666666667
1253664000000,226580706.837471,219464939.926637,39.2945808407883,595.464217151364,0,52.0166666666667
1253750400000,226776096.945456,218471461.164221,39.34143514507,594.438556187421,0,56.9333333333333
1253836800000,226971415.922238,217472508.942284,39.3865324135723,593.415914871342,0,62.3666666666667
1253923200000,227166647.412733,216468133.368903,39.4298406293924,592.396366522286,0,65.8666666666667
1254009600000,227361775.153768,215458378.914168,39.4713272592945,591.37998316333,0,69.8333333333333
1254096000000,227556782.974985,214443285.102633,39.5109590065032,590.366835531167,0,72.45
1254182400000,227751654.79973,213422886.960578,39.5487016464109,589.356993085949,0,74.7333333333333
1254268800000,227946374.645934,212397215.159801,39.5845198834856,588.350524021283,0,77.4
1254355200000,228140926.626965,211366295.9,39.6183771719568,587.34749527442,0,79.1
1254441600000,228335294.95246,210330150.653186,39.650235452678,586.347972536659,0,81.1166666666667
1254528000000,228529463.929109,209288795.960473,39.6800547746333,585.352020264024,0,82.3666666666667
1254614400000,228723417.961387,208242243.516632,39.707792793772,584.359701688277,0,83.8333333333333
1254700800000,228917141.552223,207190500.781836,39.7334041738981,583.371078828296,0,84.7166666666667
1254787200000,229110619.303588,206133572.303372,39.756839948807,582.386212501864,0,85.7333333333333
1254873600000,229303835.917017,205071461.809557,39.7780469312276,581.405162337869,0,86.3333333333333
1254960000000,229496776.194037,204004174.980944,39.7969672612119,580.42798678891,0,86.9333333333333
1255046400000,229689425.036544,202931722.662818,39.8135381700002,579.454743144237,0,87.2833333333333
1255132800000,229881767.447105,201854124.207824,39.8276920021878,578.485487542994,0,87.5666666666667
1255219200000,230073788.529219,200771410.64179,39.8393565045827,577.520274987651,0,87.6833333333333
1255305600000,230265473.487553,199683627.396231,39.8484553676701,576.559159357582,0,87.7333333333333
1255392000000,230456807.628145,198590836.392728,39.8549089963424,575.602193422686,0,87.7
1255478400000,230647776.358609,197493117.264858,39.8586354784629,574.649428857026,0,87.5833333333333
1255564800000,230838365.188332,196390567.483883,39.8595516965593,573.700916252406,0,87.3166666666667
1255651200000,231028559.72868,195283301.186147,39.8575744834422,572.756705131891,0,87.0166666666667
1255737600000,231218345.693193,194171446.655401,39.8526216723779,571.816843963299,0,86.55
1255824000000,231407708.89778,193055142.696078,39.844612870628,570.881380172637,0,86.0833333333333
1255910400000,231596635.260924,191934534.440144,39.8334698221539,569.950360157413,0,85.4333333333333
1255996800000,231785110.803879,190809769.297726,39.819116320024,569.023829299955,0,84.85
1256083200000,231973121.650855,189680993.685313,39.8014777420141,568.101831980681,0,83.9833333333333
1256169600000,232160654.029193,188548350.881718,39.7804803618755,567.184411591342,0,83.2833333333333
1256256000000,232347694.269536,187411980.017937,39.75605060503,566.271610548255,0,82.5166666666667
1256342400000,232534228.80597,186272015.948208,39.7281143794568,565.363470305511,0,81.4666666666667
1256428800000,232720244.176168,185128589.638533,39.6965965502819,564.460031368192,0,80.6
1256515200000,232905727.0215,183981828.723862,39.6614205679197,563.561333305561,0,79.4
1256601600000,233090664.087133,182831857.968895,39.6225082177938,562.667414764261,0,78.4833333333333
1256688000000,233275042.222117,181678799.471793,39.5797794349393,561.778313481491,0,77.1666666666667
1256774400000,233458848.379444,180522772.552861,39.5331521138605,560.894066298177,0,76.1833333333333
1256860800000,233642069.616093,179363893.371245,39.4825418387378,560.014709172119,0,74.75
1256947200000,233824693.093061,178202274.419855,39.4278614620293,559.140277191123,0,73.7
1257033600000,234006706.07537,177038024.162708,39.3690204767066,558.270804586101,0,72.1833333333333
1257120000000,234188095.932058,175871247.177878,39.3059241674106,557.406324744136,0,71.0666666666667
1257206400000,234368850.136162,174702045.202438,39.2384725928087,556.546870221521,0,69.5
1257292800000,234548956.264672,173530519.378277,39.1665595345763,555.692472756747,0,68.3333333333333
1257379200000,234728401.998479,172356773.737239,39.0900716162616,554.843163283443,0,66.7166666666667
1257465600000,234907175.122306,171180919.596755,39.0088878060869,553.998971943272,0,65.5
1257552000000,235085263.52462,170003080.215835,38.9228794483049,553.159928098765,0,63.85
1257638400000,235262655.197534,168823394.951539,38.8319108395881,552.326060346092,0,62.6
1257724800000,235439338.2367,167642022.313288,38.7358402397996,551.497396527774,0,60.9166666666667
1257811200000,235615300.841176,166459141.634025,38.6345211369219,550.673963745327,6.23333333333333,59.6666666666667
1257897600000,235790531.313296,165274953.386752,38.5278035886476,549.85578837182,17.3333333333333,57.9666666666667
1257984000000,235965018.058513,164089678.351201,38.4155355095094,549.042896064374,22,56.7166666666667
1258070400000,236138749.585244,162903555.872781,38.297563820644,548.235311776568,26.8333333333333,55.3833333333333
1258156800000,236311714.504693,161716841.429538,38.1737354046698,547.433059770771,29.7333333333333,53.75
1258243200000,236483901.530672,160529803.71284,38.0438978129884,546.63616363038,33.05,52.4333333333333
1258329600000,236655299.479401,159342721.465236,37.9078996765623,545.844646271978,35.2333333333333,50.8166666666667
1258416000000,236825897.269308,158155880.376714,37.7655907928777,545.058529957389,37.7333333333333,49.55
1258502400000,236995683.920817,156969570.360717,37.6168219054138,544.277836305651,39.4666666666667,47.9166666666667
1258588800000,237164648.556121,155784083.471656,37.4614442436678,543.502586304886,41.45,46.7166666666667
1258675200000,237332780.398951,154599712.591295,37.2993089296292,542.732800324069,42.85,45.1166666666667
1258761600000,237500068.774339,153416750.849276,37.1302663651359,541.968498124711,44.4666666666667,43.9833333333333
1258848000000,237666503.108364,152235491.609766,36.9541656932201,541.209698872416,45.5833333333333,42.4166666666667
1258934400000,237832072.927898,151056228.785811,36.7708543867647,540.456421148359,46.9,41.3833333333333
1259020800000,237996767.860342,149879257.237421,36.5801779736982,539.70868296064,47.8166666666667,39.8666666666667
1259107200000,238160577.633352,148704873.050648,36.3819798688918,538.966501755544,48.9166666666667,38.9
1259193600000,238323492.07456,147533373.563598,36.176101251635,538.229894428681,49.6333333333333,37.5
1259280000000,238485501.111288,146365057.092666,35.9623809030678,537.498877336031,50.55,36.5833333333333
1259366400000,238646594.770256,145200222.4227,35.7406549006142,536.773466304867,51.15,35.3333333333333
1259452800000,238806763.17728,144039168.26704,35.5107560629753,536.053676644574,51.8666666666667,34.4666666666667
1259539200000,238965996.556971,142882193.073145,35.2725130655283,535.339523157352,52.3666666666667,33.3833333333333
1259625600000,239124285.232416,141729595.702792,35.0257492237695,534.631020148814,52.95,32.5833333333333
1259712000000,239281619.624867,140581677.550458,34.7702810830643,533.928181438467,53.3333333333333,31.65
1259798400000,239437990.253413,139438746.446024,34.5059171286565,533.231020370078,53.6666666666667,30.95
1259884800000,239593387.734651,138301122.160161,34.2324570542873,532.539549821937,54.0833333333333,30.3666666666667
1259971200000,239747802.782353,137169142.648971,33.9496919884424,531.853782217001,54.4333333333333,29.6333333333333
1260057600000,239901226.207121,136043169.712399,33.6574058310286,531.173729532928,54.65,29.1333333333333
1260144000000,240053648.916045,134923592.836227,33.355377503708,530.499403311999,54.9,28.5833333333333
1260230400000,240205061.912346,133810830.621843,33.0433836610505,529.830814670937,55.0333333333333,28.2
1260316800000,240355456.295022,132705329.991055,32.7212013774246,529.167974310606,55.1666666666667,27.85
1260403200000,240504823.258483,131607563.860507,32.3886104832954,528.510892525606,55.3,27.5833333333333
1260489600000,240653154.092179,130518028.064881,32.0453954384143,527.859579213766,55.3666666666667,27.3666666666667
1260576000000,240800440.180228,129437238.105331,31.6913467827416,527.214043885519,55.4166666666667,27.2666666666667
1260662400000,240946673.001034,128365726.02829,31.3262622641386,526.574295673184,55.45,27.2
1260748800000,241091844.126901,127304037.544767,30.9499477316722,525.940343340124,55.45,27.3
1260835200000,241235945.22364,126252729.417999,30.5622178489977,525.312195289819,55.4166666666667,27.2833333333333
1260921600000,241378968.050173,125212367.145505,30.1628966566707,524.689859574809,55.3833333333333,27.5333333333333
1261008000000,241520904.458134,124183522.985712,29.7518180085825,524.073343905543,55.3166666666667,27.65
1261094400000,241661746.391469,123166774.385323,29.3288259221852,523.462655659093,55.2166666666667,27.9666666666667
1261180800000,241801485.88603,122162702.832856,28.8937749014729,522.857801887761,55.1166666666667,28.2166666666667
1261267200000,241940115.069178,121171893.103628,28.4465303017494,522.258789327544,54.9833333333333,28.55
1261353600000,242077626.159393,120194932.795396,27.9869687979907,521.665624406426,54.8333333333333,28.8833333333333
1261440000000,242214011.465887,119232412.005766,27.5149789942533,521.078313252548,54.6666666666667,29.2666666666667
1261526400000,242349263.388237,118284922.986969,27.0304621758129,520.496861702173,54.4666666666667,29.6666666666667
1261612800000,242483374.416039,117353059.634331,26.5333331655221,519.921275307438,54.2666666666667,30.0833333333333
1261699200000,242616337.128589,116437416.7203,26.0235212066671,519.351559343877,54.0333333333333,30.5
1261785600000,242748144.19459,115538588.877839,25.5009707609903,518.787718817716,53.85,30.85
1261872000000,242878788.371897,114657169.471327,24.9656420907525,518.229758472921,53.55,31.3666666666667
1261958400000,243008262.507286,113793749.672783,24.4175115056849,517.677682797989,53.35,31.75
1262044800000,243136559.536256,112948918.261544,23.8565712301878,517.13149603253,53.1333333333333,32.2333333333333
1262131200000,243263672.482855,112123262.798823,23.2828290163794,516.59120217364,52.8166666666667,32.6166666666667
1262217600000,243389594.459508,111317372.727458,22.6963078935358,516.05680498215,52.5666666666667,33.1166666666667
1262304000000,243514318.666845,110531844.436462,22.0970467119826,515.528307988777,52.2166666666667,33.5
1262390400000,243637838.393515,109767287.431252,21.4851022107851,515.005714500264,51.8333333333333,33.9666666666667
1262476800000,243760147.015953,109024329.878788,20.8605530271008,514.489027605552,51.6,34.3666666666667
1262563200000,243881237.998125,108303621.609463,20.223505423496,513.97825018203,51.2,34.8
1262649600000,244001104.891213,107605833.466434,19.5740999059429,513.473384901881,50.9333333333333,35.1666666666667
1262736000000,244119741.333256,106931653.240211,18.912517743121,512.974434238519,50.5333333333333,35.6
1262822400000,244237141.048756,106281779.449876,18.2389867412241,512.481400473094,50.2333333333333,35.9166666666667
1262908800000,244353297.848246,105656914.446781,17.5537861849606,511.994285701041,49.8166666666667,36.3333333333333
1262995200000,244468205.627839,105057757.892339,16.8572512955215,511.513091838597,49.5,36.6166666666667
1263081600000,244581858.36877,104485001.062451,16.1497777605055,511.037820629279,49.1833333333333,37.0166666666667
1263168000000,244694250.136927,103939321.988913,15.4318269324122,510.568473650262,48.7666666666667,37.2666666666667
1263254400000,244805375.082407,103421381.248549,14.7039323031195,510.105052318611,48.4333333333333,37.6166666666667
1263340800000,244915227.439066,102931818.192617,13.9667079469815,509.647557897393,48.0166666666667,37.85
1263427200000,245023801.524098,102471247.479163,13.2208598550308,509.1959915016,47.6833333333333,38.15
1263513600000,245131091.737626,102040255.857977,12.467201520511,508.750354103917,47.2333333333333,38.35
1263600000000,245237092.562315,101639399.220581,11.7066758740919,508.310646540329,46.9166666666667,38.6166666666667
1263686400000,245341798.562999,101269199.950325,10.9403868717139,507.876869515555,46.45,38.8
1263772800000,245445204.386327,100930144.593167,10.1696460195353,507.449023608338,46.1333333333333,39.0166666666667
1263859200000,245547304.760418,100622681.833947,9.39604246467976,507.027109276589,45.6666666666667,39.15
1263945600000,245648094.494536,100347220.727684,8.62155110307553,506.611126862398,45.3166666666667,39.2833333333333
1264032000000,245747568.478767,100104129.12084,7.84870360969526,506.201076596926,44.9833333333333,39.45
1264118400000,245845721.683702,99893732.2172802,7.0808665932283,505.796958605201,44.5166666666667,39.55
1264204800000,245942549.160138,99716311.3048801,6.32270748014248,505.398772910767,44.1666666666667,39.65
1264291200000,246038046.038776,99572102.7630692,5.58099797184573,505.006519440265,43.7166666666667,39.75
1264377600000,246132207.529923,99461297.6136252,4.86603313564969,504.620198027908,43.35,39.8166666666667
1264464000000,246225028.923205,99384042.0321005,4.19415209732763,504.239808419864,42.9,39.8833333333333
1264550400000,246316505.58727,99340439.3366868,3.59201185667767,503.865350278561,42.5333333333333,39.9166666666667
1264636800000,246406632.969509,99330553.8824999,3.10246328104267,503.496823186899,42.0666666666667,39.9666666666667
1264723200000,246495406.595768,99354416.8489149,2.78678120537646,503.134226652387,41.7166666666667,39.9666666666667
1264809600000,246582822.070063,99412033.0748215,2.70688118146328,502.777560111203,41.2333333333333,39.9833333333333
1264896000000,246668875.074305,99503387.1820686,2.88193352599332,502.426822932168,40.8833333333333,39.9833333333333
1264982400000,246753561.368015,99628446.9071649,3.27007026881257,502.082014420656,40.4166666666667,39.9666666666667
1265068800000,246836876.788048,99787162.3684793,3.80500058789393,501.743133822418,40.05,39.9333333333333
1265155200000,246918817.248321,99979461.6307383,4.43194418287337,501.410180327341,39.6,39.8833333333333
1265241600000,246999378.739532,100205244.329579,5.11502807073355,501.08315307313,39.2333333333333,39.85
1265328000000,247078557.328895,100464375.442138,5.83227285355556,500.762051148912,38.7833333333333,39.7666666666667
1265414400000,247156349.159864,100756680.622002,6.57012687495804,500.446873598778,38.4166666666667,39.7166666666667
1265500800000,247232750.45187,101081943.550751,7.31993708327505,500.137619425243,37.95,39.6333333333333
1265587200000,247307757.500053,101439905.063394,8.07592788503632,499.834287592642,37.6,39.5666666666667
1265673600000,247381366.675003,101830263.528375,8.8340654020578,499.536877030442,37.1333333333333,39.45
1265760000000,247453574.422494,102252675.981345,9.59140926570496,499.2453866365,36.7833333333333,39.3666666666667
1265846400000,247524377.263237,102706759.656782,10.3457324056496,498.959815280228,36.3,39.25
1265932800000,247593771.792618,103192093.721851,11.0952911758855,498.680161805707,35.9833333333333,39.1666666666667
1266019200000,247661754.680452,103708221.143607,11.8386821927065,498.406425034712,35.6166666666667,39.05
1266105600000,247728322.67074,104254650.699705,12.5747506688291,498.138603769677,35.1666666666667,38.9333333333333
1266192000000,247793472.581422,104830859.175491,13.3025301908012,497.876696796583,34.8,38.7666666666667
1266278400000,247857201.304143,105436293.785031,14.0212021793347,497.620702887775,34.35,38.6333333333333
1266364800000,247919505.804019,106070374.824651,14.7300679391233,497.37062080471,34,38.5
1266451200000,247980383.119406,106732498.534239,15.4285289142898,497.12644930063,33.55,38.35
1266537600000,248039830.361677,107422040.124446,16.1160723893647,496.888187123172,33.2,38.2333333333333
1266624000000,248097844.715003,108138356.943045,16.7922608753466,496.655833016898,32.75,38.0833333333333
1266710400000,248154423.436136,108880791.80726,17.4567240427895,496.429385725758,32.4,37.9666666666667
1266796800000,248209563.854202,109648676.613374,18.1091524416136,496.20884399549,31.9333333333333,37.7833333333333
1266883200000,248263263.370494,110441336.424674,18.749292452489,495.994206575941,31.5833333333333,37.6666666666667
1266969600000,248315519.458273,111258094.282538,19.3769419907469,495.785472223322,31.1333333333333,37.5
1267056000000,248366329.662572,112098276.901091,19.9919464727253,495.582639702405,30.7833333333333,37.3833333333333
1267142400000,248415691.600009,112961221.101171,20.5941945247578,495.385707788633,30.3333333333333,37.2
1267228800000,248463602.958597,113846280.291309,21.1836129791828,495.194675270186,30,37.0833333333333
1267315200000,248510061.497571,114752829.692611,21.7601609810123,495.009540949962,29.65,36.95
1267401600000,248555065.047207,115680268.765896,22.323823535648,494.830303647507,29.2,36.8
1267488000000,248598611.508656,116628019.869221,22.8746053448867,494.656962200876,28.8666666666667,36.6666666666667
1267574400000,248640698.853776,117595523.482075,23.4125259374908,494.489515468433,28.4166666666667,36.4833333333333
1267660800000,248681325.12497,118582231.623217,23.9376167157227,494.327962330589,28.0833333333333,36.3833333333333
1267747200000,248720488.43503,119587601.516617,24.4499198460596,494.172301691486,27.6166666666667,36.2
1267833600000,248758186.966984,120611090.975432,24.9494883772058,494.022532480619,27.3,36.0833333333333
1267920000000,248794418.973942,121652155.954128,25.4363868317971,493.878653654409,26.85,35.9166666666667
1268006400000,248829182.778952,122710249.918296,25.9106917115391,493.740664197716,26.5166666666667,35.8
1268092800000,248862476.77485,123784824.353811,26.3724916511021,493.608563125311,26.1666666666667,35.65
1268179200000,248894299.42412,124875329.775605,26.8218871890855,493.482349483295,25.7166666666667,35.5
1268265600000,248924649.258749,125981216.793985,27.2589902482422,493.362022350477,25.3666666666667,35.3833333333333
1268352000000,248953524.880084,127101937.00742,27.6839234551206,493.247580839715,24.9333333333333,35.2333333333333
1268438400000,248980924.95869,128236943.655894,28.0968194190014,493.139024099213,24.5666666666667,35.1
1268524800000,249006848.234203,129385692.079832,28.4978200589314,493.036351313784,24.15,34.9333333333333
1268611200000,249031293.515187,130547640.094694,28.8870760301803,492.939561706088,23.7666666666667,34.8333333333333
1268697600000,249054259.678985,131722248.418338,29.2647462644692,492.848654537825,23.3333333333333,34.65
1268784000000,249075745.671575,132908981.282009,29.6309976064731,492.763629110906,22.9666666666667,34.55
1268870400000,249095750.507415,134107307.322057,29.9860045069561,492.684484768581,22.6333333333333,34.3833333333333
1268956800000,249114273.269303,135316700.800301,30.3299487241725,492.611220896519,22.15,34.2833333333333
1269043200000,249131313.108237,136536643.154742,30.6630189900072,492.543836923841,21.8166666666667,34.1666666666667
1269129600000,249146869.243276,137766624.858477,30.9854106103086,492.482332324066,21.3333333333333,34.0166666666667
1269216000000,249160940.961432,139006147.572279,31.2973249796038,492.426706615977,20.9833333333333,33.9
1269302400000,249173527.617571,140254726.605827,31.5989689872512,492.376959364355,20.4666666666667,33.7333333333333
1269388800000,249184628.634347,141511893.720782,31.890554268219,492.333090180569,20.15,33.6166666666667
1269475200000,249194243.502172,142777200.265,32.1722962115088,492.295098722989,19.6166666666667,33.4666666666667
1269561600000,249202371.779227,144050220.470491,32.4444126046755,492.262984697204,19.2833333333333,33.3666666666667
1269648000000,249209013.09152,145330554.467732,32.7071218042845,492.236747856019,18.9166666666667,33.2333333333333
1269734400000,249214167.132983,146617830.252254,32.9606404241336,492.216387999251,18.4166666666667,33.1
1269820800000,249217833.665612,147911703.697665,33.205180734954,492.201904973337,18.0333333333333,32.9666666666667
1269907200000,249220012.519641,149211855.988528,33.4409481979624,492.193298670779,17.5166666666667,32.8333333333333
1269993600000,249220703.593725,150517988.594674,33.6681396602707,492.190569029487,17.1166666666667,32.7166666666667
1270080000000,249219906.855134,151829816.796975,33.8869426023204,492.193716032089,16.6166666666667,32.5666666666667
1270166400000,249217622.339924,153147063.264312,34.0975354865854,492.202739705242,16.1833333333333,32.45
1270252800000,249213850.153094,154469452.976773,34.3000889098703,492.217640119025,15.7666666666667,32.35
1270339200000,249208590.468699,155796710.091515,34.4947670974142,492.238417386426,15.2166666666667,32.2
1270425600000,249201843.529926,157128556.622325,34.6817293314172,492.265071662932,14.7833333333333,32.1
1270512000000,249193609.649142,158464712.383204,34.8611310803928,492.297603146253,14.2166666666667,31.9333333333333
1270598400000,249183889.207897,159804895.570076,35.0331247698853,492.336012076125,13.7666666666667,31.8333333333333
1270684800000,249172682.656905,161148823.487291,35.1978602478062,492.38029873418,13.15,31.6833333333333
1270771200000,249159990.516017,162496213.119801,35.3554850453717,492.430463443846,12.6833333333333,31.5833333333333
1270857600000,249145813.374173,163846781.425372,35.5061445394585,492.486506570249,12.1833333333333,31.4666666666667
1270944000000,249130151.889359,165200245.350942,35.6499821061948,492.548428520081,11.5,31.3166666666667
1271030400000,249113006.788572,166556321.669292,35.787139331457,492.616229741406,11,31.2
1271116800000,249094378.867788,167914726.796685,35.9177563160649,492.689910723405,10.2333333333333,31.05
1271203200000,249074268.991945,169275176.790835,36.0419720823535,492.769471996029,9.65,30.95
1271289600000,249052678.094941,170637387.733735,36.159925055561,492.854914129564,8.78333333333333,30.8
1271376000000,249029607.179647,172001076.665039,36.2717535625729,492.946237734097,8.15,30.6833333333333
1271462400000,249005057.317929,173365963.147208,36.377596269822,493.043443458902,7.43333333333333,30.5166666666667
1271548800000,248979029.650688,174731771.430784,36.4775924790697,493.146531991722,6.3,30.4
1271635200000,248951525.387917,176098233.080876,36.5718822161758,493.25550405797,5.35,30.3
1271721600000,248922545.808755,177465089.858394,36.6606060766358,493.370360419847,3.7,30.1333333333333
1271808000000,248892092.261573,178832096.632904,36.7439048194719,493.491101875374,1.56666666666667,30.0166666666667
1271894400000,248860166.164051,180199024.115708,36.8219187172576,493.61772925735,0,29.8666666666667
1271980800000,248826769.003273,181565661.198622,36.8947866747415,493.750243432235,0,29.75
1272067200000,248791902.335832,182931816.63493,36.9626451349687,493.888645298963,0,29.6
1272153600000,248755567.787939,184297319.720511,37.0256268190809,494.032935787675,0,29.4833333333333
1272240000000,248717767.055542,185662019.60237,37.0838594039592,494.183115858392,0,29.3666666666667
1272326400000,248678501.904447,187025782.96416,37.1374643149268,494.339186499623,0,29.2
1272412800000,248637774.17045,188388490.164543,37.1865558549432,494.501148726906,0,29.0833333333333
1272499200000,248595585.759475,189750030.345702,37.2312408588088,494.669003581273,0,28.9166666666667
1272585600000,248551938.647717,191110296.368207,37.2716189402687,494.842752127669,0,28.8
1272672000000,248506834.881785,192469180.461306,37.3077832405328,495.02239545329,0,28.6333333333333
1272758400000,248460276.578862,193826571.180324,37.339821467648,495.207934665866,0,28.5
1272844800000,248412265.92686,195182351.808341,37.3678169881841,495.399370891883,0,28.3833333333333
1272931200000,248362805.184582,196536399.953463,37.3918497880109,495.596705274728,0,28.2166666666667
1273017600000,248311896.681895,197888587.902196,37.4119972110157,495.799938972789,0,28.1
1273104000000,248259542.819902,199238783.285713,37.4283344680876,496.00907315747,0,27.9166666666667
1273190400000,248205746.071116,200586849.720116,37.4409349620199,496.224109011156,0,27.7833333333333
1273276800000,248150508.979651,201932647.217304,37.4498704975503,496.445047725108,0,27.6
1273363200000,248093834.161402,203276032.288202,37.4552114495505,496.671890497292,0,27.4833333333333
1273449600000,248035724.304244,204616857.765778,37.4570269556973,496.904638530139,0,27.35
1273536000000,247976182.168226,205954972.46837,37.4553851871709,497.143293028245,0,27.1666666666667
1273622400000,247915210.585772,207290220.909867,37.4503537313992,497.387855195995,0,27.0333333333333
1273708800000,247852812.461891,208622443.334332,37.4420000915685,497.638326235123,0,26.85
1273795200000,247788990.774387,209951476.381573,37.4303922673777,497.894707342207,0,26.7166666666667
1273881600000,247723748.574074,211277154.638186,37.4155993359264,498.156999706084,0,26.5166666666667
1273968000000,247657088.984995,212599313.169631,37.3976919156648,498.425204505204,0,26.3833333333333
1274054400000,247589015.204654,213917790.883415,37.3767423897946,498.699322904907,0,26.25
1274140800000,247519530.504236,215232434.322452,37.3528248006374,498.97935605463,0,26.05
1274227200000,247448638.228853,216543101.339819,37.3260143952807,499.265305085037,0,25.9
1274313600000,247376341.797773,217849664.126798,37.2963868773875,499.557171105084,0,25.7
1274400000000,247302644.704669,219152011.228971,37.2640174696736,499.854955198996,0,25.55
1274486400000,247227550.517868,220450048.392599,37.2289799031665,500.158658423182,0,25.3333333333333
1274572800000,247151062.880603,221743698.242033,37.1913454334223,500.468281803058,0,25.1833333333333
1274659200000,247073185.511271,223032898.869464,37.1511819620563,500.783826329808,0,25.0333333333333
1274745600000,246993922.203694,224317601.459524,37.1085533291834,501.105292957056,0,24.8166666666667
1274832000000,246913276.827391,225597767.131787,37.0635188373886,501.432682597457,0,24.6666666666667
1274918400000,246831253.327844,226873363.288317,37.0161330570987,501.76599611922,0,24.4333333333333
1275004800000,246747855.726778,228144359.865431,36.9664459338803,502.105234342532,0,24.2666666666667
1275091200000,246663088.122439,229410725.936456,36.9145031706706,502.450398035918,0,24.05
1275177600000,246576954.689883,230672427.042151,36.860346808317,502.801487912507,0,23.8833333333333
1275264000000,246489459.681261,231929423.447456,36.8040158973509,503.158504626216,0,23.7
1275350400000,246400607.426113,233181669.305865,36.7455471546557,503.521448767857,0,23.4666666666667
1275436800000,246310402.331665,234429112.536715,36.6849755266622,503.890320861161,0,23.3
1275523200000,246218848.883129,235671695.132096,36.622334621287,504.265121358708,0,23.05
1275609600000,246125951.644005,236909353.608113,36.5576570091154,504.645850637794,0,22.8666666666667
1275696000000,246031715.256387,238142019.370339,36.4909744221122,505.0325089962,0,22.6166666666667
1275782400000,245936144.441263,239369618.843949,36.4223178944348,505.425096647899,0,22.4166666666667
1275868800000,245839243.99883,240592073.307482,36.3517178975755,505.823613718672,0,22.2333333333333
1275955200000,245741018.808793,241809298.463606,36.2792045237581,506.228060241667,0,21.9666666666667
1276041600000,245641473.830672,243021203.887756,36.204807767027,506.63843615288,0,21.7666666666667
1276128000000,245540614.1041,244227692.618114,36.1285579366737,507.054741286575,0,21.4833333333333
1276214400000,245438444.749123,245428661.268219,36.0504862059546,507.476975370645,0,21.2833333333333
1276300800000,245334970.966485,246624001.100471,35.9706252466886,507.905138021926,0,21.0166666666667
1276387200000,245230198.037913,247813600.409874,35.8890098352287,508.339228741453,0,20.8
1276473600000,245124131.32639,248997348.269943,35.8056772641051,508.779246909678,0,20.4833333333333
1276560000000,245016776.276419,250175139.23125,35.7206673947507,509.225191781644,0,20.3
1276646400000,244908138.414281,251346878.132616,35.6340222630763,509.677062482108,0,20.0666666666667
1276732800000,244798223.348282,252512484.038186,35.5457852791453,510.134858000614,0,19.75
1276819200000,244687036.768999,253671892.563431,35.4560001809139,510.598577186499,0,19.5
1276905600000,244574584.44953,254825056.359945,35.3647099495917,511.068218743799,0,19.2
1276992000000,244460872.245746,255971944.009867,35.2719558593417,511.54378122604,0,18.9333333333333
1277078400000,244345906.096569,257112537.830387,35.1777767547442,512.025263030874,0,18.6166666666667
1277164800000,244229692.024267,258246831.090691,35.0822085750352,512.512662394506,0,18.35
1277251200000,244112236.134791,259374825.012512,34.9852841016287,513.005977385891,0,18.1
1277337600000,243993544.618154,260496525.786863,34.8870328938733,513.505205900649,0,17.7333333333333
1277424000000,243873623.748851,261611941.758138,34.7874813818937,514.010345654701,0,17.4666666666667
1277510400000,243752479.886331,262721080.901295,34.6866530896386,514.521394177608,0,17.0833333333333
1277596800000,243630119.475502,263823948.711665,34.58456895894,515.038348805653,0,16.8
1277683200000,243506549.047268,264920546.603267,34.4812477380646,515.561206674679,0,16.4166666666667
1277769600000,243381775.21908,266010870.855426,34.3767063920921,516.089964712772,0,16.1166666666667
1277856000000,243255804.695486,267094912.069769,34.2709604930748,516.624619632841,0,15.8166666666667
1277942400000,243128644.268667,268172655.024963,34.164024557107,517.165167925129,0,15.4
1278028800000,243000300.818946,269244078.766983,34.0559123108608,517.711605849749,0,15.0666666666667
1278115200000,242870781.315258,270309156.75772,33.9466368877685,518.263929429235,0,14.65
1278201600000,242740092.815598,271367856.921942,33.8362109704266,518.822134441146,0,14.3
1278288000000,242608242.467415,272420141.475121,33.7246469094444,519.386216410707,0,13.8333333333333
1278374400000,242475237.507982,273465966.479721,33.6119568596412,519.956170603483,0,13.4666666666667
1278460800000,242341085.264742,274505281.170118,33.4981529816295,520.53199201805,0,13.1166666666667
1278547200000,242205793.15563,275538027.215807,33.3832477572706,521.113675378648,0,12.5833333333333
1278633600000,242069368.689375,276564138.258643,33.2672544539588,521.701215127777,0,12.2
